{
	"type": "object",

	"subtab": {
		"id": "paymentmethods",
		"group": "checkoutApp",
		"title": "Payment Methods",
		"docRef": "bridgehead_4666998357",
		"description": "Payment methods related settings like Credit Card configuration, payment method regex, etc"
	},

    "properties": {

        "paymentmethods": {
            "group": "checkoutApp",
            "subtab": "paymentmethods",
            "type": "array",
            "title": "Payment Methods",
            "description": "Map of payment methods, please update the keys using your account setup information.",
            "items": {
                "type": "object",
                "properties": {
                    "key": {
                        "type": "string",
                        "title": "key",
                        "description": "This number should match the property 'key' of the objects returned by the following JavaScript call (run it in the Browser Console): 'SC.ENVIRONMENT.siteSettings.paymentmethods' . You can edit/add new payment methods going to Setup-> Accounting -> Accounting Lists - filter by 'Payment Method'. ",
                        "mandatory": true
                    },
                    "regex": {
                        "type": "string",
                        "title": "regex",
                        "description": "The regex to match the payment method number"
                    },
                    "description": {
                        "type": "string",
                        "title": "description",
                        "description": "Some words about the payment method for documentation purposes only"
                    }
                }
            },

            "default": [
	            {
	            	"key": "5,5,1555641112",
	            	"regex": "^4[0-9]{12}(?:[0-9]{3})?$",
	            	"description": "VISA"
	            },
	            {
	            	"key": "4,5,1555641112",
	            	"regex": "^(5[1-5][0-9]{14}|2(2(2[1-9]|[3-9][0-9])|[3-6][0-9][0-9]|7([0-1][0-9]|20))[0-9]{12})$",
	            	"description": "Master Card"
	            },
	            {
	            	"key": "6,5,1555641112",
	            	"regex": "^3[47][0-9]{13}$",
	            	"description": "American Express"
	            },
	            {
	            	"key": "3,5,1555641112",
	            	"regex": "^6(?:011|5[0-9]{2})[0-9]{12}$",
	            	"description": "Discover"
	            },
	            {
	            	"key": "16,5,1555641112",
	            	"regex": "^(?:5[0678]\\\\d\\\\d|6304|6390|67\\\\d\\\\d)\\\\d{8,15}$",
	            	"description": "Maestro"
	            },
	            {
	            	"key": "17,3,1555641112",
	            	"regex": "",
	            	"description": "This company allows both private individuals and businesses to accept payments over the Internet"
	            }
            ]
        }
    }
}